Filename,Category
Img1137.jpg,Teenagers
Img3633.jpg,Teenagers
Img1474.jpg,Teenagers
Img3459.jpg,Adults
Img5578.jpg,Teenagers
Img5052.jpg,Teenagers
Img1794.jpg,Adults
Img6559.jpg,Adults
Img5086.jpg,Toddlers
Img1401.jpg,Adults
Img3550.jpg,Teenagers
Img5747.jpg,Teenagers
Img1283.jpg,Teenagers
Img3603.jpg,Adults
Img1806.jpg,Teenagers
Img1153.jpg,Adults
Img1370.jpg,Adults
Img5335.jpg,Teenagers
Img1038.jpg,Adults
Img6068.jpg,Adults
Img4628.jpg,Teenagers
Img2294.jpg,Toddlers
Img5140.jpg,Adults
Img2192.jpg,Teenagers
Img1716.jpg,Adults
Img1444.jpg,Adults
Img4105.jpg,Teenagers
Img1389.jpg,Teenagers
Img2090.jpg,Teenagers
Img3128.jpg,Adults
Img1288.jpg,Teenagers
Img5656.jpg,Teenagers
Img6871.jpg,Adults
Img1248.jpg,Teenagers
Img1093.jpg,Adults
Img3051.jpg,Adults
Img4982.jpg,Teenagers
Img1403.jpg,Adults
Img3657.jpg,Adults
Img6051.jpg,Adults
Img2151.jpg,Adults
Img1488.jpg,Adults
Img3429.jpg,Adults
Img1338.jpg,Teenagers
Img3171.jpg,Adults
Img2447.jpg,Teenagers
Img1631.jpg,Teenagers
Img3942.jpg,Teenagers
Img1388.jpg,Adults
Img2018.jpg,Toddlers
Img1541.jpg,Teenagers
Img1115.jpg,Teenagers
Img1797.jpg,Adults
Img2301.jpg,Teenagers
Img2426.jpg,Teenagers
Img2369.jpg,Adults
Img1154.jpg,Adults
Img1331.jpg,Teenagers
Img2196.jpg,Adults
Img1654.jpg,Teenagers
Img1780.jpg,Teenagers
Img7681.jpg,Teenagers
Img2255.jpg,Toddlers
Img1020.jpg,Teenagers
Img2270.jpg,Adults
Img1156.jpg,Teenagers
Img2235.jpg,Adults
Img2227.jpg,Teenagers
Img3120.jpg,Adults
Img2485.jpg,Teenagers
Img7678.jpg,Adults
Img1304.jpg,Teenagers
Img1157.jpg,Teenagers
Img1109.jpg,Teenagers
Img1728.jpg,Adults
Img1484.jpg,Teenagers
Img3142.jpg,Teenagers
Img2586.jpg,Teenagers
Img3835.jpg,Adults
Img3881.jpg,Teenagers
Img2145.jpg,Teenagers
Img1850.jpg,Adults
Img6695.jpg,Teenagers
Img2220.jpg,Teenagers
Img1864.jpg,Teenagers
Img1928.jpg,Teenagers
Img2073.jpg,Adults
Img2524.jpg,Teenagers
Img1704.jpg,Teenagers
Img2363.jpg,Teenagers
Img2267.jpg,Adults
Img7867.jpg,Toddlers
Img1001.jpg,Teenagers
Img1337.jpg,Adults
Img2885.jpg,Teenagers
Img5667.jpg,Adults
Img1286.jpg,Teenagers
Img2465.jpg,Adults
Img3114.jpg,Adults
Img4328.jpg,Teenagers
Img3211.jpg,Adults
Img1136.jpg,Adults
Img1621.jpg,Teenagers
Img5128.jpg,Teenagers
Img2311.jpg,Teenagers
Img3148.jpg,Teenagers
Img3081.jpg,Teenagers
Img3606.jpg,Adults
Img2247.jpg,Teenagers
Img2940.jpg,Teenagers
Img2229.jpg,Adults
Img2316.jpg,Adults
Img6122.jpg,Teenagers
Img2618.jpg,Adults
Img1875.jpg,Adults
Img4218.jpg,Teenagers
Img3922.jpg,Adults
Img2351.jpg,Adults
Img2216.jpg,Teenagers
Img1647.jpg,Teenagers
Img2228.jpg,Adults
Img7126.jpg,Adults
Img1989.jpg,Teenagers
Img5705.jpg,Toddlers
Img1981.jpg,Adults
Img2125.jpg,Teenagers
Img1753.jpg,Teenagers
Img3660.jpg,Teenagers
Img2155.jpg,Adults
Img2055.jpg,Adults
Img3741.jpg,Teenagers
Img1925.jpg,Teenagers
Img2154.jpg,Adults
Img1787.jpg,Adults
Img4163.jpg,Adults
Img1740.jpg,Adults
Img1186.jpg,Adults
Img1415.jpg,Adults
Img5066.jpg,Teenagers
Img6153.jpg,Teenagers
Img1212.jpg,Toddlers
Img7560.jpg,Teenagers
Img2445.jpg,Adults
Img5336.jpg,Teenagers
Img3026.jpg,Adults
Img1562.jpg,Teenagers
Img3669.jpg,Adults
Img4606.jpg,Teenagers
Img1090.jpg,Adults
Img3034.jpg,Adults
Img3931.jpg,Teenagers
Img1823.jpg,Teenagers
Img1439.jpg,Teenagers
Img2134.jpg,Adults
Img3096.jpg,Teenagers
Img2704.jpg,Adults
Img2286.jpg,Teenagers
Img4179.jpg,Teenagers
Img2190.jpg,Toddlers
Img1546.jpg,Teenagers
Img3823.jpg,Adults
Img1064.jpg,Teenagers
Img6376.jpg,Teenagers
Img7345.jpg,Teenagers
Img2863.jpg,Adults
Img7195.jpg,Adults
Img1310.jpg,Teenagers
Img2954.jpg,Teenagers
Img3413.jpg,Adults
Img4339.jpg,Adults
Img6454.jpg,Teenagers
Img3374.jpg,Adults
Img3222.jpg,Teenagers
Img1393.jpg,Adults
Img2454.jpg,Adults
Img2046.jpg,Teenagers
Img6896.jpg,Teenagers
Img1569.jpg,Teenagers
Img3024.jpg,Adults
Img7976.jpg,Teenagers
Img5768.jpg,Adults
Img1776.jpg,Teenagers
Img1298.jpg,Adults
Img1122.jpg,Adults
Img1844.jpg,Adults
Img2297.jpg,Adults
Img5182.jpg,Teenagers
Img6426.jpg,Teenagers
Img1025.jpg,Adults
Img1847.jpg,Teenagers
Img1746.jpg,Teenagers
Img1771.jpg,Adults
Img7683.jpg,Adults
Img6057.jpg,Adults
Img3382.jpg,Toddlers
Img3350.jpg,Adults
Img1909.jpg,Adults
Img2967.jpg,Adults
Img1931.jpg,Adults
Img3907.jpg,Teenagers
Img1839.jpg,Teenagers
Img1628.jpg,Adults
Img4549.jpg,Teenagers
Img2813.jpg,Adults
Img5576.jpg,Teenagers
Img1311.jpg,Teenagers
Img1922.jpg,Adults
Img1915.jpg,Adults
Img2642.jpg,Teenagers
Img6615.jpg,Adults
Img2082.jpg,Adults
Img3740.jpg,Toddlers
Img1182.jpg,Teenagers
Img5456.jpg,Adults
Img1573.jpg,Adults
Img3194.jpg,Adults
Img1270.jpg,Teenagers
Img1168.jpg,Adults
Img2924.jpg,Adults
Img6458.jpg,Teenagers
Img2406.jpg,Toddlers
Img5694.jpg,Teenagers
Img1466.jpg,Teenagers
Img3433.jpg,Adults
Img1971.jpg,Teenagers
Img2391.jpg,Adults
Img1950.jpg,Teenagers
Img1819.jpg,Adults
Img7862.jpg,Teenagers
Img2085.jpg,Teenagers
Img1601.jpg,Teenagers
Img7078.jpg,Adults
Img2501.jpg,Toddlers
Img2439.jpg,Teenagers
Img1699.jpg,Teenagers
Img1175.jpg,Adults
Img3978.jpg,Adults
Img3629.jpg,Adults
Img2365.jpg,Teenagers
Img3687.jpg,Adults
Img3983.jpg,Toddlers
Img1451.jpg,Adults
Img1448.jpg,Teenagers
Img3496.jpg,Teenagers
Img3074.jpg,Adults
Img1369.jpg,Adults
Img6271.jpg,Teenagers
Img3917.jpg,Adults
Img1535.jpg,Toddlers
Img7243.jpg,Adults
Img2318.jpg,Teenagers
Img6949.jpg,Adults
Img3469.jpg,Teenagers
Img5245.jpg,Adults
Img3353.jpg,Adults
Img1766.jpg,Teenagers
Img7417.jpg,Teenagers
Img1612.jpg,Teenagers
Img1155.jpg,Adults
Img3976.jpg,Adults
Img1530.jpg,Teenagers
Img1077.jpg,Teenagers
Img2672.jpg,Teenagers
Img4513.jpg,Adults
Img1851.jpg,Toddlers
Img3356.jpg,Adults
Img5354.jpg,Toddlers
Img1955.jpg,Teenagers
Img1279.jpg,Teenagers
Img1826.jpg,Adults
Img1305.jpg,Toddlers
Img1792.jpg,Adults
Img2017.jpg,Teenagers
Img1417.jpg,Adults
Img2081.jpg,Teenagers
Img1472.jpg,Teenagers
Img2602.jpg,Adults
Img1114.jpg,Adults
Img4934.jpg,Adults
Img1733.jpg,Teenagers
Img2307.jpg,Teenagers
Img1208.jpg,Teenagers
Img1811.jpg,Teenagers
Img2629.jpg,Teenagers
Img1073.jpg,Adults
Img1017.jpg,Adults
Img2420.jpg,Teenagers
Img5852.jpg,Teenagers
Img1071.jpg,Teenagers
Img1382.jpg,Teenagers
Img2502.jpg,Teenagers
Img1499.jpg,Teenagers
Img3731.jpg,Teenagers
Img3247.jpg,Adults
Img1872.jpg,Toddlers
Img1252.jpg,Adults
Img7434.jpg,Teenagers
Img7130.jpg,Teenagers
Img3033.jpg,Adults
Img2478.jpg,Teenagers
Img1183.jpg,Teenagers
Img1360.jpg,Teenagers
Img2061.jpg,Teenagers
Img2685.jpg,Teenagers
Img1868.jpg,Teenagers
Img7147.jpg,Teenagers
Img2677.jpg,Adults
Img2455.jpg,Teenagers
Img4834.jpg,Teenagers
Img2040.jpg,Teenagers
Img1951.jpg,Adults
Img5148.jpg,Toddlers
Img3968.jpg,Adults
Img6290.jpg,Adults
